{
    "parent": "item/generated",
    "textures": {
        "layer0": "item/iron_sword"
       },
       "display": {
        "thirdperson_righthand": {
            "rotation": [ 0, -90, 55 ],
            "translation": [ 0, 6.0, 0.5 ],
            "scale": [ 1.2, 1.2, 1.2 ]
        },
        "thirdperson_lefthand": {
            "rotation": [ 0, 90, -55 ],
            "translation": [ 0, 4.0, 0.5 ],
            "scale": [ 1.2, 1.2, 1.2 ]
        },
        "firstperson_righthand": {
            "rotation": [ 0, -90, 25 ],
            "translation": [ 1.13, 3.2, 1.13 ],
            "scale": [ 0.9, 0.9, 0.9 ]
        },
        "firstperson_lefthand": {
            "rotation": [ 0, 90, -25 ],
            "translation": [ 1.13, 3.2, 1.13 ],
            "scale": [ 0.9, 0.9, 0.9 ]
        }
    }
}